name,address,latitude,longitude
McDonald's Bukit Bintang,"120-120A Jalan Bukit Bintang, 55100, , Kuala Lumpur, Malaysia",3.146789,101.710983
McDonald's Jalan Silang,"55 & 57, Jalan Tun Tan Siew Sin, 50050, , Kuala Lumpur, Malaysia",3.146058,101.698461
McDonald's Holiday Plaza,"Lg 8 Holiday Plaza, Jalan Dato' Sulaiman, 80250, Johor Bahru, Johor, Malaysia",1.488308,103.760497
McDonald's Bangsar,"48 Jalan Telawi Lima, 59100, Bangsar Baru, Kuala Lumpur, Malaysia",3.132973,101.672323
McDonald's O.U.G. PLAZA,"Part of G 03-G 06, Ground Floor, Plaza O.U.G., Jalan Klang Lama, 58000, , Kuala Lumpur, Malaysia",3.081738,101.671652
McDonald's SS 2 ,"No. 56 Jalan SS 2/61, 47300, Petaling Jaya, Selangor, Malaysia",3.118286,101.62045
McDonald's Kepong ,"No. 1 & 2 Jalan 54, Desa Jaya, 52100, Kepong, Selangor, Malaysia",3.213567,101.632778
McDonald's Subang Parade ,"LG 10 Subang Parade, No. 5 Jalan SS 16/1, 47500, Subang Jaya, Selangor, Malaysia",3.082161,101.585683
McDonald's Titiwangsa DT,"Lot 8 Section 85, Jalan Pahang, 53000, , Kuala Lumpur, Malaysia",3.179584,101.700331
McDonald's Ampang Park ,"GA 88 Ampang Park Shopping Complex, Jalan Ampang, 50450, , Kuala Lumpur, Malaysia",3.160358,101.719222
McDonald's Greenlane DT,"Lot 2506/7 Section 6, Jalan Masjid Negeri, 11600, Penang, Pulau Pinang, Malaysia",5.401292,100.304379
McDonald's Plaza Pelangi ,"Lot 1.19 Plaza Pelangi, Jalan Tebrau/Jalan Kuning, 80400, Johor Bahru, Johor, Malaysia",1.479908,103.765056
McDonald's Alpha Angle ,"Lot G-13, Ground Floor, Alpha Angle Complex, Jalan R1, Wangsa Maju, 53000, Setapak, Kuala Lumpur, Malaysia",3.202292,101.734067
McDonald's Kajang ,"27 & 28 Jalan Abdul Aziz, 43000, Kajang, Selangor, Malaysia",2.991097,101.791081
McDonald's Genting ,"Genting Highland Resort, 69000, Genting Highland, Pahang, Malaysia",3.424053,101.7934
McDonald's Kuching ,"2nd Floor, Lot 268 - 269, Jalan Tuanku Abdul Rahman, 93100, Kuching, Sarawak, Malaysia",1.55741,110.352988
McDonald's Mahkota Parade ,"Lot 6-21 Ground Floor, Mahkota Parade, Jalan Taman, 75000, , Melaka, Malaysia",2.188669,102.249702
McDonald's SOGO,"Lot 6, LGF & Lot 13.1 Level 7, Sogo Pernas Department Stores S/B, 190 Jalan Tuanku Abdul Rahman, 50100, , Kuala Lumpur, Malaysia",3.1562,101.695631
McDonald's Leisure Mall Cheras,"LG 16, Lower Ground Floor, Leisure Mall, Taman Segar, No. 6 Jalan Cheras, 56100, , Kuala Lumpur, Malaysia",3.090722,101.741386
McDonald's Taipan ,"No 4, Jalan USJ 10/1, Taipan USJ, 47620, Subang Jaya, Selangor, Malaysia",3.048205,101.58578
McDonald's Sunshine Square,"Level 1, Lot 1.01, Annexed Building, Sunshine Complex, 11950, Bayan Baru, Pulau Pinang, Malaysia",5.326056,100.287144
McDonald's Selayang Mall ,"Lot B.44, Selayang Mall Shopping Centre, Jalan SU 9, Taman Selayang Utama, 68100, Batu Caves, Selangor, Malaysia",3.236769,101.644111
McDonald's Segamat,"Shop No. 111,112,113, Jalan Sia Har Yam, 85000, Segamat, Johor, Malaysia",2.503097,102.821478
McDonald's Muar,"G-25 Wetex Parade, Jalan Ali, 84000, Muar, Johor, Malaysia",2.043944,102.566552
McDonald's Terminal 1,"Lot LG35 Lower Ground, Terminal 1 Shopping Complex, 70000, Seremban, Negeri Sembilan, Malaysia",2.721811,101.937531
McDonald's Ampang Point ,"Lot G08, Ground Floor, Ampang Point Shopping Centre, Jalan Mamanda 3, 68000, Ampang, Selangor, Malaysia",3.157481,101.751014
McDonald's IOI Puchong Mall,"Lot 17, Ground Floor, IOI Mall, Batu 9 Jalan Puchong, Bandar Puchong Jaya, 47100, Puchong, Selangor, Malaysia",3.045479,101.618194
McDonald's Kelana Jaya,"No. 1, Units E104-E105, Jalan SS 6/2, Kelana Jaya, 47301, Petaling Jaya, Selangor, Malaysia",3.101032,101.598652
McDonald's Desa Pandan,"Lot 2 & 2-1, Jalan 1/76D, Desa Pandan, 55100, , Kuala Lumpur, Malaysia",3.14705,101.736936
McDonald's City Plaza,"GF7, City Plaza, Jalan Tuanku Ibrahim, 05100, Alor Setar, Kedah, Malaysia",6.118144,100.370047
McDonald's Central Square,"G16 - G19, Ground Floor, Kompleks Central Square, 23, Jalan Kampung Baru, 08000, Sungai Petani, Kedah, Malaysia",5.636542,100.488267
McDonald's The Mines ,"Lot 79, 2nd Floor, The Mines Shopping Fair, Jalan Dulang, Mines Resort City, 43300, Sri Kembangan, Selangor, Malaysia",3.027561,101.718361
McDonald's Kluang,"No. 1, Jalan Md. Lazim Saim, 86000, Kluang, Johor, Malaysia",2.034545,103.320467
McDonald's Desa Universiti,"Lot 4B, 4C & 4D, Desa Universiti, Jalan Sg. Dua, 11700, Gelugor, Pulau Pinang, Malaysia",5.352692,100.299712
McDonald's Permas Jaya ,"No 2, Jalan Permas 10, Bandar Baru Permas Jaya, 81750, Johor Bahru, Johor, Malaysia",1.495236,103.815616
McDonald's Bukit Jambul ,"3A-G-19, Kompleks Bukit Jambul, Jalan Rumbia, 11900, Bayan Lepas, Pulau Pinang, Malaysia",5.333528,100.291014
McDonald's Sunway Pyramid ,"LL2.41, Sunway Pyramid Megamall, No. 3 Jalan PJS 11/15, Bandar Sunway, 46150, Petaling Jaya, Selangor, Malaysia",3.072894,101.607719
McDonald's Jalan Tun Perak ,"38 Jalan Tun Perak, Ground & Mezzanine Floor, Wisma Teck Lee, 50050, , Kuala Lumpur, Malaysia",3.148917,101.697036
McDonald's Gombak ,"M01 & M02 Kompleks Idaman, No. 40 - 50, Jalan 2/21D, Medan Idaman, Batu 5 1/4, Jalan Gombak, 53000, , Kuala Lumpur, Malaysia",3.213113,101.712028
McDonald's Bandar Baru Nilai,"Shoplot PT No. 7330, Bandar Baru Nilai, 79149, Bandar Baru Nilai, Negeri Sembilan, Malaysia",2.815171,101.791844
McDonald's Plaza Angsana ,"Lot No. L1 - 27, Plaza Angsana, Jalan Skudai, Pusat Bandar Tampoi, 81000, Johor Bahru, Johor, Malaysia",1.49525,103.705958
McDonald's Langkawi,"GF3, Langkawi Fair, Lot 44, Jalan Persiaran Putra, 07000, Langkawi, Kedah, Malaysia",6.31032,99.856205
McDonald's Kuching II,"Ground Floor, Shop Lot No. 12 & 13, 3rd Mile, Jalan Tun Ahmad Zaidi Adruce, 93250, Kuching, Sarawak, Malaysia",1.525045,110.336868
McDonald's Genting Sempah DT,"Kawasan Rehat Genting-Sempah, KM 38.4 Lebuhraya KL-Karak, Genting Sempah, 28750, Bentong, Pahang, Malaysia",3.350833,101.790678
McDonald's KLIA ,"Concession 18B, Level 5 (Departure Level), MTB, Kuala Lumpur International Airport, 43909, Sepang, Selangor, Malaysia",2.753258,101.704628
McDonald's Berjaya Megamall Kuantan,"Lot No. G-89 & 1-85 (Ground & First), Berjaya Megamall, Jalan Tun Ismail, Sri Dagangan, 25000, Kuantan, Pahang, Malaysia",3.815994,103.330942
McDonald's Summit Subang USJ ,"Lot Nos. 38 & 39A, The Summit Subang USJ, Persiaran Kewajipan USJ 1, 47600, Subang Jaya, Selangor, Malaysia",3.059225,101.593797
McDonald's Litrak DT,"Lay By 3, Hentian Sebelah Petaling Jaya, Lebuhraya Damansara Puchong, Bandar Sunway, PJS 9, 47600, Petaling Jaya, Selangor, Malaysia",3.060019,101.614449
McDonald's Miri,"Lot 1264, 1 st Floor, Bintang Plaza Shopping Centre, Jalan Miri - Pujut, 98008, Miri, Sarawak, Malaysia",4.397,113.99
McDonald's Bandar Utama DT,"No. 5 Lebuh Bandar Utama, PJU 6, Bandar Utama, 47800, Petaling Jaya, Selangor, Malaysia",3.137376,101.609523
McDonald's Mid Valley 1,"Lot No. LG-033 & LG-034, Lower Ground Floor, Jalan Kelang Lama, 58000, , Kuala Lumpur, Malaysia",3.117472,101.677383
McDonald's Mont Kiara ,"No. 1, Block D, Plaza Mont Kiara, Jalan Bukit Kiara, 50480, , Kuala Lumpur, Malaysia",3.165561,101.651018
McDonald's Taman Buaya DT,"Lot 4570 Taman Buaya Melaka, Mukim Bukit Katil, Daerah Melaka Tengah, 75320, Air Keroh, Melaka, Malaysia",2.277436,102.298094
McDonald's Sri Gombak ,"No. 1 Jalan SG. 1/6, Taman Sri Gombak, 68100, Batu Caves , Selangor, Malaysia",3.237739,101.699261
McDonald's Jalan Tebrau DT,"Lot PTD 68950, Batu 7 1/2, Jalan Kota Tinggi, 81100, Johor Bahru, Johor, Malaysia",1.535633,103.784547
McDonald's AEON Wangsa Maju,"Lots F2.43, F2.44, F2.45, Level F2, Aeon Wangsa Maju, No. 6 Jalan 8/27A, Section 5, 53300, , Kuala Lumpur, Malaysia",3.196008,101.742756
McDonald's Mobil KL-Seremban Highway,"8KM KL-Seremban Highway, 57000, , Kuala Lumpur, Malaysia",3.04701,101.705822
McDonald's Prangin Mall,"Lot 33-1-40, Prangin Mall, Jalan Dr Lim Chwee Leong, 10100, George Town, Pulau Pinang, Malaysia",5.414494,100.331328
McDonald's Sunway Mentari,"No. 30 Sunway Mentari, Ground Floor Dataran Mentari, Jalan PJS 8/2, 46200, Petaling Jaya, Selangor, Malaysia",3.074925,101.612106
McDonald's Teluk Cempedak DT,"Kawasan Rekreasi, Teluk Cempedak, Jalan Teluk Cempedak, 25100, Kuantan, Pahang, Malaysia",3.812414,103.371836
McDonald's Taman Sri Andalas,"No. 2, Jalan Sri Sarawak 18, Taman Sri Andalas, 41200, Klang, Selangor, Malaysia",3.016348,101.442564
McDonald's Section 3 DT,"Lot 293, Seksyen 3, Persiaran Masjid dan Jalan RU 3/94, 40000, Bandar Shah Alam, Selangor, Malaysia",3.074425,101.510356
McDonald's Subang DT,"No.1 Jalan SS15/3A, 47500, Subang Jaya, Selangor, Malaysia",3.079099,101.586025
McDonald's Tesco Puchong DT,"Lot No. 7 & 9, Ground Floor, Tesco Hypermarket, Jalan Bandar 3, Pusat Bandar Puchong, 47100, Puchong, Selangor, Malaysia",3.0345,101.615917
McDonald's Senawang DT,"Lot 2726, Jalan Taman Komersil Senawang 1, Taman Komersil Senawang, 70450, Seremban, Negeri Sembilan, Malaysia",2.703444,101.985719
McDonald's AEON Taman University,"LG08, Jusco Shopping Center, No. 4, Jalan Pendidikan, Taman Universiti, 81300, Skudai, Johor, Malaysia",1.542728,103.629389
McDonald's Bandar Sri Damansara DT,"Lot PT21552 & PT21553, Mukim Sungai Buloh, Persiaran Perdana, 52200, Bandar Sri Damansara, Kuala Lumpur, Malaysia",3.195119,101.607868
McDonald's Petronas Skudai DT,"Lot No. PTD13309 & PTD52136, KM11 Jalan Skudai, Mukim Tebrau, 81200, Johor Bahru, Johor, Malaysia",1.500472,103.697733
McDonald's Pandan Mewah DT,"Bangunan Restoran McDonald's, Jalan Mewah Utara, 68000, Ampang, Kuala Lumpur, Malaysia",3.128172,101.7627
McDonald's Puchong Permai DT,"Lot 32426 Jalan Permai 2, Puchong Permai, 47100, Puchong, Selangor, Malaysia",3.008989,101.598959
McDonald's Setiawangsa DT,"Lot 16794 & 16795, Jalan Taman Setiawangsa, Taman Setiawangsa, 54200, , Kuala Lumpur, Malaysia",3.178094,101.743708
McDonald's Juru DT,"No. 1689, Jalan Perusahaan, Highway Auto City, Kawasan Perusahaan 4, North-South Highway, Juru Interchange, MK 11, Seberang Perai Tengah Perai 4, 13600, Perai, Pulau Pinang, Malaysia",5.337349,100.431264
McDonald's Berjaya Times Square,"Lot 05 - 93, 93A, No. 1, Jalan Imbi, 55100, , Kuala Lumpur, Malaysia",3.14245,101.710417
McDonald's Sri Kerteh DT,"Lot PT 7132, Mukim Kerteh, 24000, Daerah Kemaman, Terengganu, Malaysia",4.506461,103.442883
McDonald's Kota Damansara DT,"Lot B, Jalan Cecawi 6/18A, Kota Damansara, 47810, Petaling Jaya, Selangor, Malaysia",3.160462,101.57424
McDonald's Kota Kemuning,"No. 1, Jalan Anggerik Vanilla 31/93, Seksyen 31, Kota Kemuning, 40460, Shah Alam, Selangor, Malaysia",3.002944,101.540956
McDonald's Karamunsing,"Lot G - 21,23,25 and 26 part, Complex Karamunsing, Jalan Karamunsing, 88000, Kota Kinabalu, Sabah, Malaysia",5.970889,116.075122
McDonald's Caltex Sunway Prai DT,"Lot Nos. 5730, 5731 & 5732, Jalan Jelawat, Mukim 1, 13700, Pusat Bandar Seberang Jaya, Pulau Pinang, Malaysia",5.399763,100.400278
McDonald's Kuchai Lama DT,"1/116B Off Jalan Kuchai Lama, Kuchai Entrepreneurs Park, 58200, , Kuala Lumpur, Malaysia",3.087342,101.690278
McDonald's Taman Connaught DT,"Lot 18113, Jalan Cendikiawan, 56000, Mukim Petaling, Kuala Lumpur, Malaysia",3.081361,101.731984
McDonald's Bukit Tinggi DT,"Lot 1, Persiaran Batu Nilam, Bandar Baru Bukit Tinggi, 41200, Klang, Selangor, Malaysia",3.007895,101.432691
McDonald's Terminal Larkin,"No. 5B - 05, Ground & First Floor, Terminal Larkin, No. 4, Jalan Geroda, Larkin Jaya, 80350, Johor Bahru, Johor, Malaysia",1.495914,103.743542
McDonald's Damansara Damai DT,"Lot 36237, Jalan PJU 10/1, Damansara Damai, 47000, Sungai Buloh, Selangor, Malaysia",3.194863,101.591348
McDonald's Petronas Pelangi Indah,"Petronas Petrol Station, Lot No.105615, Jalan Pesona, Taman Pelangi Indah, 81800, Johor Bahru, Johor, Malaysia",1.582442,103.801006
McDonald's Rawang DT,"Lot PT 678, Jalan Pusat Bandar, 48000, Rawang, Selangor, Malaysia",3.320135,101.576933
McDonald's Petronas TPM DT,"Petronas Service Station, Technology Park Malaysia, 57000, Seremban KL-Highway, Kuala Lumpur, Malaysia",3.056472,101.704167
McDonald's Tesco Penang,"1-1-01 & 1-1-02, Lot A3 - 4, Jalan Udini, 11700, Gelugor, Pulau Pinang, Malaysia",5.377639,100.315522
McDonald's The Curve,"Lot No GZF-05 & GZF-06, Ground Floor, The Curve, Mutiara Damansara, 47800, Petaling Jaya, Selangor, Malaysia",3.157895,101.612793
McDonald's Equine Park DT,"Lot No. 2, Persiaran Equine Perdana, Taman Equine, 43300, Seri Kembangan, Selangor, Malaysia",2.995622,101.670181
McDonald's Ulu Kelang,"Lot 517, 276 & 277, Batu 7, Lebuhraya Lingkaran Tengah 2, MRR2, 54200, Mukim Ulu Kelang, Selangor, Malaysia",3.202419,101.760592
McDonald's Desa Aman Puri DT,"Stesyen Minyak Shell, Lot No. PT 1021 & PT 1022, Jalan Aman, Persiaran Perdana, Desa Aman Puri, 52100, Kepong, Selangor, Malaysia",3.208402,101.614491
McDonald's Tan Sri Yaacop,"No. 2, Jalan Jati, Taman Nusa Bestari Jaya, 81300, Johor Bahru, Johor, Malaysia",1.497804,103.655942
McDonald's Alamanda Putrajaya,"Alamanda Putrajaya, LG-07, Lower Ground Floor, Alamanda Shopping Complex, Jalan Alamanda, Presinct 1, 62000, Putrajaya, Kuala Lumpur, Malaysia",2.940203,101.710747
McDonald's Kulai DT,"Lot 1150, Jalan Kasturi 36/41, Indahpura, 81000, Kulai, Johor, Malaysia",1.63825,103.625639
McDonald's AEON Seremban 2,"Lot G43, Ground Floor, Jusco Seremban 2, Shopping Centre, 112 Persiaran S2, Phase B1,Seremban 2, 70300, Seremban, Negeri Sembilan, Malaysia",2.701277,101.912112
McDonald's UTM Skudai DT,"Lot PT 61054, Batu 11, Jalan Pontian, 81300, Skudai, Johor, Malaysia",1.550781,103.650714
McDonald's NKVE DT,"Lot 15385 Seksyen PJU 1A, KM 15.4 Arah Utara, Lebuh Baru Lembah Kelang, 40150, Petaling Jaya, Selangor, Malaysia",3.119258,101.592818
McDonald's Petronas Ampang DT,"D/A Petronas Servis Stesen, Jalan Kolam Ayer Lama, Lot 36904 (PT 27423), Taman Dato' Ahmad Razali, 68000, Ampang, Selangor, Malaysia",3.160058,101.754333
McDonald's Dataran Pahlawan,"Lot A02, Dataran Pahlawan Melaka Megamall, Jalan Merdeka, 75000, Bandar Hilir, Melaka, Malaysia",2.190447,102.248927
McDonald's Taman Sutera DT,"Lot PT 135893, Jalan Roda Utama, 81300, Skudai, Johor, Malaysia",1.522981,103.6785
McDonald's Queensbay Mall,"LG-87, Queensbay Mall, 100 Persiaran Bayan Indah, 11900, Bayan Lepas, Pulau Pinang, Malaysia",5.333397,100.306286
McDonald's Bandar Tun Hussein Onn DT ,"Lot PT 18150 & PT 18151, Jalan Suasana 2/2, Bandar Tun Hussein Onn, 43200, Cheras, Selangor, Malaysia",3.050129,101.765281
McDonald's Jusco Balakong,"Lot G46, Ground Floor, Jusco Cheras Selatan Shopping Centre, 43200, Kajang, Selangor, Malaysia",3.033158,101.764796
McDonald's Sri Manjung DT,"PT Lot 10414, Jalan Lumut, Taman Samudera, 32040, Sri Manjung, Perak, Malaysia",4.199501,100.655317
McDonald's Jalan Gopeng DT ,"PT 215040, Jalan Raja Dr. Nazrin Shah, Kampung Rapat, 31350, Ipoh, Perak, Malaysia",4.572541,101.112663
McDonald's Section 22 Shah Alam DT,"No.2, Jalan 22/6, Seksyen 22, 40300, Shah Alam, Selangor, Malaysia",3.040269,101.547442
McDonald's Petronas Melati DT,"Lot 3644 HS (D) 70344 &, Lot PT 8081 HS (D) 107241, Taman Melati, Mukim Setapak, 53100, , Kuala Lumpur, Malaysia",3.225081,101.728811
McDonald's Banting DT,"No. 2 Jalan Cemerlang 4, 42500, Banting, Selangor, Malaysia",2.812947,101.507967
McDonald's AEON Bukit Tinggi,"AEON Bukit Tinggi Shopping Centre, No. 1, Persiaran Batu Nilam 1/KS6, Bandar Bukit Tinggi 2, 41200, Klang, Selangor, Malaysia",2.994385,101.44478
McDonald's Caltex Farlim DT,"Caltex Farlim Petrol station, Lot No.9435, Mukim 13, North East District, 11500, Pulau Pinang, Pulau Pinang, Malaysia",5.387541,100.276764
McDonald's Melaka Sentral,"Lot No.59 Zone D Ground Floor, Plaza Melaka Sentral, 75400, , Melaka, Malaysia",2.221594,102.250044
McDonald's 1 Borneo Mall,"Concourse Floor, 1 Borneo Mall, Lot No. C215 - C218 & Part of D219, 88871, Kota Kinabalu, Sabah, Malaysia",6.035871,116.129243
McDonald's Rahman Putra DT,"No. 4, Lot 33428, Jalan BRP 3/3, Bukit Rahman Putra, Seksyen U20, 40160, Shah Alam, Selangor, Malaysia",3.224591,101.556644
McDonald's Shell Jalan Cheras DT,"Lot PT 7430, HSD 111856, KM5.5, Jalan Cheras, 56000, Cheras, Kuala Lumpur, Malaysia",3.105027,101.732818
McDonald's Kuching International Airport,"No L 103 - L 106, Public Arrival Concourse, Jalan Lapangan Terbang, 93728, Kuching, Sarawak, Malaysia",1.486747,110.341944
McDonald's KK Airport,"Lot No. L3 - L14, Public Concourse, Departure Level Terminal 1, Kota Kinabalu International Airport, 88100, Kota Kinabalu, Sabah, Malaysia",5.938831,116.052512
McDonald's Penang International Airport,"Lot PC 05, Departure Level, Penang International Airport, 11900, Bayan Lepas, Pulau Pinang, Malaysia",5.291903,100.266147
McDonald's Labuan Airport,"Lot No. L1L04 - L1L06, Labuan Airport, Arrival Hall 1, Terminal Building, Labuan, 80569, Labuan, Labuan, Malaysia",5.293603,115.257833
McDonald's Sri Alam Masai DT,"Lot PTD 174172, Jalan Seri Alam, Bandar Seri Alam, 81750, Masai, Johor, Malaysia",1.49618,103.870825
McDonald's Bandar Baru Bangi DT,"PTD 68518, Persiaran Bangi, 43650, Bandar Baru Bangi, Selangor, Malaysia",2.96183,101.7581
McDonald's Batu Pahat DT,"Lot PTD 48029, Taman Flora Utama, Jalan Tan Swee Hoe, 83000, Batu Pahat, Johor, Malaysia",1.865164,102.947125
McDonald's Teluk Intan DT,"Lot 5017 McDonald's, Jalan Changkat Jong, 36000, Teluk Intan, Perak, Malaysia",4.017322,101.027429
McDonald's Taiping Sentral,"Lot G-21 and G-22, Ground Floor, Taiping Sentral, No 36, Jalan Istana Larut, 34000, Taiping, Perak, Malaysia",4.866401,100.730112
McDonald's Gurney Plaza,"Unit No. 170 - G - 75 & 170 - 01 - 73, Plaza Gurney, Persiaran Gurney, 10250, Persiaran Gurney, Pulau Pinang, Malaysia",5.4382,100.309953
McDonald's Klang Sentral,"No.2, Jalan Klang Sentral/KU05, Bukit Raja, Meru, 41050, Klang, Selangor, Malaysia",3.110293,101.441161
McDonald's Petronas KLIA DT,"Lot PT 3906, Jalan Terminal KLIA, 64000, Sepang, Selangor, Malaysia",2.764748,101.683455
McDonald's Prima Saujana Kajang DT,"Lot PT 52317, Prima Saujana, Kajang, 43000, Kajang, Selangor, Malaysia",3.007582,101.804373
McDonald's Melaka Mall DT,"Lot PT 3368, Leboh Ayeh Keroh, Bukit Baru, Melaka Tengah, 75450, , Melaka, Malaysia",2.231577,102.281301
McDonald's Dataran Pahlawan 2,"FG-15 & FG-16, Ground Floor, Dataran Pahlawan Melaka Megamall, Jalan Merdeka, 75000, Bandar Hilir, Melaka, Malaysia",2.189972,102.252596
McDonald's KB Mall,"Lot No. 29A & 30, Ground Floor, KB Mall, Jalan Hamzah, 15050, Kota Bharu, Kelantan, Malaysia",6.086972,102.238882
McDonald's Puchong Gateway DT,"Lot No. 48733, Mukim Petaling LDP Puchong Gateway, 47100, Puchong, Selangor, Malaysia",2.981789,101.648323
McDonald's Subang SkyPark,"Unit KG7, Subang SkyPark, Terminal 3, Lapangan Terbang Sultan Abdul Aziz Shah, 47200, Subang, Selangor, Malaysia",3.133779,101.553466
McDonald's Bandar Perda DT ,"No.1220, Jalan Perda Utama, Bandar Perda, 14000, Bukit Mertajam, Pulau Pinang, Malaysia",5.368169,100.42421
McDonald's Pasir Gudang DT,"Lot PT 69990, HSD 124966, Jalan Bandar, Plentong, Bandar Baru Pasir Gudang, 81750, Pasir Gudang, Johor, Malaysia",1.469893,103.905062
McDonald's Kota Tinggi,"Block A, Lot 2 Aras 1, Aras 2 dan Lot 1 Aras 1, Jalan Niaga 11, Kota Tinggi, 81900, Kota Tinggi, Johor, Malaysia",1.729858,103.902449
McDonald's Sunway Ipoh City DT,"Lot 303521, Sunway Ipoh, Mukim Hulu Kinta, Daerah Kinta, 31150, Ipoh, Perak, Malaysia",4.625071,101.151713
McDonald's Taman Dagang DT,"Petronas Taman Dagang, PT 12671, Jalan Nirwana, Taman Nirwana, 68000, Ampang, Selangor, Malaysia",3.145167,101.755248
McDonald's Putra Nilai DT,"PT1134, Persiaran Pusat Bandar, 71800, Nilai, Negeri Sembilan, Malaysia",2.822468,101.793541
McDonald's Petronas MRR2 Kepong DT,"Petronas MRR2 Kepong, Lot 25747, Lebuh Raya Selayang, Kepong Lebuh Raya, Lingkaran Tengah 2 (MRR 2), 52100, Kepong, Kuala Lumpur, Malaysia",3.229164,101.655048
McDonald's Bukit Indah DT,"No. 57, Jalan Indah 15/2, Bukit Indah, 81200, Johor Bahru, Johor, Malaysia",1.481611,103.657827
McDonald's Pengkalan DT,"No. 686, Jalan Pasir Puteh, Pengkalan Pegoh, 31500, Ipoh, Perak, Malaysia",4.542057,101.070223
McDonald's Puncak Alam DT,"Lot 7094, HSD 6165, PT10655, Mukim of Ijok, 45620, Kuala Selangor, Selangor, Malaysia",3.22169,101.447853
McDonald's Kampar DT,"Sebahagian Lot No. 126028, Jalan Batu Sinar, Taman Bandar Baru Kampar, 31900, Kampar, Perak, Malaysia",4.326091,101.145019
McDonald's 1 Utama,"Lot LG 221, Lower Ground Floor, One Utama Shopping Centre, Lebuh Bandar Utama, Bandar Utama, 47800, Petaling Jaya, Selangor, Malaysia",3.148483,101.616856
McDonald's Sibu,"Shop Lot No. 2 (Ground & 1st Floor) and Shop Lot  No. 4 (Ground Floor), Causeway Road, 96007, Sibu, Sarawak, Malaysia",2.29071,111.826036
McDonald's Miri Permyjaya,"Lot 5993, Block 11, K.B.L.D. Desa Indah 3, Jalan Tudan, Bandar Baru Permyjaya, 98107, Miri, Sarawak, Malaysia",4.471891,114.042879
McDonald's Dungun,"Ground floor & 1st floor, Jalan Baru Pak Sabah, Kuala Dungun, 23000, Dungun, Terengganu, Malaysia",4.755189,103.414715
McDonald's Kulim DT,"Lot no. PT 5734, Mukim Keladi, 09000, Kulim, Kedah, Malaysia",5.383142,100.545774
McDonald's Ulu Tiram DT,"Sebahagian Lot PTD 19827, Mukim Tebrau, Ulu Tiram, 81800, Johor Bahru, Johor, Malaysia",1.594846,103.820079
McDonald's Bandar Puteri DT,"Lot 133826, Lebuh Sanggul 1/KS7, Bandar Puteri, 41200, Klang, Selangor, Malaysia",2.988402,101.46597
McDonald's Senai Airport DT,"Sebahagian Lot PTD 8797, Lapangan Terbang Sultan Ismail, Mukim Senai, 81400, Kulai Jaya, Johor, Malaysia",1.635398,103.663595
McDonald's Petronas Batu Feringi DT,"Lot 697 & Lot 764, Jalan Batu Feringi, Seksyen 2,  Timur Laut, 11600, Bandar Batu Feringi, Pulau Pinang, Malaysia",5.475363,100.251639
McDonald's Kuala Selangor DT,"Lot 640, Teluk Piah, Mukim Kuala Selangor, 45000, Kuala Selangor, Selangor, Malaysia",3.330074,101.258642
McDonald's Mutiara Damansara DT,"Lot 69683, Jalan PJU 7/5, Mutiara Damansara, 47800, Sungai Buloh, Selangor, Malaysia",3.158184,101.613685
McDonald's Semenyih DT,"Lot 1809, Batu 22, Jalan Beranang, Semenyih, 43500, Hulu Langat, Selangor, Malaysia",2.936715,101.852611
McDonald's Parit Raja DT,"Lot 20398 HS (D) 59406, MK Sri Gading, 83300, Batu Pahat, Johor, Malaysia",1.849079,103.076066
McDonald's Tesco Tanjung Pinang,"Lot G10, 11, 12, 13 & 14, Tesco Tanjung Pinang, No 1, Jalan Seri Tanjung Pinang, 10470, Tanjung Tokong, Pulau Pinang, Malaysia",5.458759,100.308592
McDonald's Tesco Seremban 2 DT,"No 1, Jalan Haruan 2, 70300, Seremban, Negeri Sembilan, Malaysia",2.711574,101.915432
McDonald's Mount Austin DT,"Lot 110034, Jalan Austin Height 3, Taman Mount Austin, Mukim Tebrau, 81100, Johor Bahru, Johor, Malaysia",1.557732,103.781671
McDonald's Setia Tropika DT,"Sebahagian Lot 141190, Jalan Setia Tropika 1/21, Taman Setia Tropika, 81100, Johor Bahru, Johor, Malaysia",1.548931,103.714978
McDonald's Bandar Utama Cheng,"No. 75, Jalan Inang 3, Taman Paya Rumput Utama, 76450, Bandar Cheng, Melaka, Malaysia",2.280591,102.215466
McDonald's Batu Berendam DT,"Lot PT  13668, Mukim Batu Berendam, Melaka Tengah, 75350, Hang Tuah Jaya, Melaka, Malaysia",2.251861,102.245845
McDonald's Kota Warisan DT,"17470, Mukim Dengkil, 43800, Sepang, Selangor, Malaysia",2.817303,101.694398
McDonald's Citta Mall,"G-43 & G-A43, Citta Mall, No 1, Jalan PJU 1A/48, PJU1A, Ara Damansara, 41301, Petaling Jaya, Selangor, Malaysia",3.111975,101.578998
McDonald's Petronas Miri DT,"Lot 1050(A), Jalan Bulan Sabit, Block 7, MCLD, 98000, Miri, Sarawak, Malaysia",4.412244,114.003314
McDonald's Simpang DT,"No. 97 Jalan Besar, Jalan Simpang, 34000, Taiping, Perak, Malaysia",4.82245,100.707849
McDonald's Jalan Kuala Kangsar DT,"38 Persiaran Kuala Kangsar 1, 30100, Ipoh, Perak, Malaysia",4.633755,101.087508
McDonald's Sandakan DT,"Sebahagian CL 075477584, Batu 6, Jalan Utara, 90000, Sandakan, Sabah, Malaysia",5.863421,118.055947
McDonald's PD Waterfront DT,"No 27, Jalan Persiaran PD Water Front, 71010, Port Dickson, Negeri Sembilan, Malaysia",2.521108,101.799904
McDonald's Jln Apas Tawau DT,"CL. 105509868 At Mile 4, Jalan Apas, 91000, Tawau, Sabah, Malaysia",4.251749,117.92078
McDonald's M2 Mall,"Lot 1, Level1, BUSANA, Menara MARA, No. 232, Jalan Tunku Abdul Rahman, 50100, , Kuala Lumpur , Malaysia",3.155025,101.695646
McDonald's Jalan Sulaman DT,"Off Jalan Sulaman Highway, 88450, Kota Kinabalu, Sabah, Malaysia",6.038623,116.144322
McDonald's Setia City Mall,"Unit No. LG-40, Setia City Mall, No. 7, Persiaran Setia Dagang, Bandar Setia Alam, Seksyen U13, 40170, Shah Alam, Selangor, Malaysia",3.109574,101.459611
McDonald's Pontian DT,"Lot 13182, Jalan Delima, Mukim Bandar Pontian Kecil, 82000, Pontian, Johor, Malaysia",1.47839,103.392
McDonald's Klebang DT,"PT 238632, Persiaran Klebang Putra, Taman Klebang Putra, Chemor, 31200, Ipoh, Perak, Malaysia",4.684858,101.120571
McDonald's Persiaran Raja Muda Musa DT,"Lot PT 3358, Persiaran Raja Muda Musa / KS1, Teluk Gadong Besar, 41200, Klang, Selangor, Malaysia",3.0262,101.423555
McDonald's Underwater World Langkawi,"Pantai Cenang, 07000, Langkawi, Kedah, Malaysia",6.286659,99.729632
McDonald's Indera Mahkota DT,"Lot PT 96403, HSM 67418, Bandar Indera Makhota 1, 25200, Kuantan, Pahang, Malaysia",3.825994,103.304075
McDonald's Seri Iskandar DT,"Lot 37, Jalan Persekutuan 5 (Ipoh-Lumut), 32610, Bandar Seri Iskandar, Perak, Malaysia",4.35809,100.967
McDonald's MITC Melaka DT,"Lot 15702, Mukim Bukit Katil, Daerah Melaka Tengah, Hang Tuah Jaya, 75450, , Melaka, Malaysia",2.273468,102.28563
McDonald's Taiping Lake Garden DT,"Lot 3410 (PT 1238), Jalan Sultan Mansor, Bandar Taiping, Daerah Larut Dan Matang, 34000, Taiping, Perak, Malaysia",4.854192,100.745732
McDonald's Harbour Mall Sandakan,"Lot G09, G10 & G12A, Harbour Mall Sandakan, Sandakan Harbour Square, 90000, Sandakan, Sabah, Malaysia",5.838925,118.119062
McDonald's Nong Chik DT,"Sebahagian Lot PT 22062, Jalan Kolam Air, Bandar Johor Bahru, 80100, Johor Bahru, Johor, Malaysia",1.462621,103.738764
McDonald's Pengkalan Chepa DT,"S / 36, Lot PT 1243, Jalan Bendahara 1/36, Taman Bendahara, Pengkalan Chepa, 16100, Kota Baru, Kelantan, Malaysia",6.163399,102.283462
McDonald's Pekan DT,"Sebahagian Tanah Taman, Tasik Sultan Abu Bakar(Tentative), 26600, Pekan Bandar Di Raja, Pahang, Malaysia",3.54242,103.385
McDonald's Kota Emerald DT,"Sebahagian Lot 1246, Mukim Rawang, 48000, Gombak, Selangor, Malaysia",3.317675,101.538531
McDonald's Tesco Alma DT,"Sebahagian Lot 17493, Jalan Rozhan, Pusat Perniagaan Seri Impian, 14000, Bukit Mertajam, Pulau Pinang, Malaysia",5.315213,100.477394
McDonald's Bertam DT,"Sebahagian Lot 20016, Mukim 06, Seberang Perai Utara, Jalan Bertam, 13200, , Pulau Pinang, Malaysia",5.517561,100.450309
McDonald's Triang Central DT,"Sebahagian PT 25213, Mukim Triang, Daerah Bera, 28300, Temerloh, Pahang, Malaysia",3.261359,102.435421
McDonald's Temerloh DT,"Sebahagian Lot 1304 Sek. 05 (GM 7677), Mukim Perak, 28000, Temerloh, Pahang, Malaysia",3.45181,102.409606
McDonald's TTDI (Taman Tun Dr Ismail),"No. 2, 2A & B, Jalan Tun Mohd Fuad 2, Taman Tun Dr Ismail, 60000, , Kuala Lumpur, Malaysia",3.140422,101.629268
McDonald's Bintulu DT ,"Lots 119 & 120 (State Land), Block 32, Kemena Land District, Jalan Tun Hussein Onn, 97000, Bintulu, Sarawak, Malaysia",3.197571,113.079646
McDonald's Plaza Merdeka ,"Lot Nos. G-12, G-13, Part Of L1-15 and Alfresco Area, Plaza Merdeka, No 88, Pearl Street, 93000, Kuching, Sarawak, Malaysia",1.55831,110.344
McDonald's Kluang DT,"265 & 343, GM. 3095 Dan GM. 3096, Jalan Kluang, Air Hitam, 86100, Kluang, Johor, Malaysia",2.01797,103.298
McDonald's Mutiara Rini DT                         ,"No 3, Persiaran Jaya, Taman Mutiara Rini, 81300, Skudai, Johor, Malaysia",1.514793,103.634365
McDonald's Meru Raya DT,"Lot 82, Jalan Meru Bestari A2, (Tentative) Diatas Sebahagian Zon 5, Bandar Meru Raya, Mukim Hulu Kinta, 30020, Kinta, Perak, Malaysia",4.672449,101.075803
McDonald's Forest Height DT,"Sebahagian Lot 33369, Mukim Ampangan Seremban, 70450, Seremban, Negeri Sembilan, Malaysia",2.699668,101.970494
McDonald's Petron Section 7,"Esso Sec 7 Shah Alam, No. 5, Persiaran Kayangan, Seksyen 7 (Fasa 3C), 40000, Shah Alam, Selangor, Malaysia",3.065693,101.490706
McDonald's Satok SF             ,"Lot 180 & 181, Ground & 1st Floor, Bangunan Haji Abdul Rasit, Jalan Satok, 94300, Kuching, Sarawak, Malaysia",1.553441,110.334057
McDonald's Alor Mengkudu DT,"No 8-A, Jalan Alor Mengkudu, 05400, Alor Setar, Kedah, Malaysia",6.096132,100.376143
McDonald's Batu Caves DT,"Lot 52613, Taman Samudera, 53000, Batu Caves, Selangor, Malaysia",3.235004,101.689829
McDonald's Sri Manjung 2 DT             ,"Sebahagian Lot 13108 (Plot 1), Daerah Manjung, 32200, Lumut, Perak, Malaysia",4.215935,100.671167
McDonald's Gong Badak DT  ,"Lot No 9154 GM4340, Jalan Tengku Ampuan Intan Zaharah, Mukim Kuala Nerus, 21300, Kuala Terengganu, Terengganu, Malaysia",5.398123,103.08518
McDonald's Giant Jalan Kebun DT,"PT 128899, Batu 3 1/2  Jalan Kebun, Taman Maznah, 41000, Klang, Selangor, Malaysia",3.024448,101.479768
McDonald's Taman Daya DT,"Lot PTD 110501, Jalan Nipah 2, Taman Daya, 11800, Tebrau, Johor, Malaysia",1.543608,103.762641
McDonald's Sri Serdang Prima,"No. 20-1, 20-2 & 20-3, Jalan 18/33A, Taman Sri Serdang, 43300, Seri Kembangan, Selangor, Malaysia",3.008469,101.714401
McDonald's Kok Lanas DT,"No. GM84, Lot 282 Mukim Mahang West, Kg. Kok Lanas, 16450, Kota Baru, Kelantan, Malaysia",5.918749,102.244807
McDonald's Tabuan Jaya DT,"Lot 16843, Block 11, MTLD Jalan Canna, 93150, Kuching, Sarawak, Malaysia",1.51296,110.388
McDonald's Bandar Puteri Puchong DT,"No. G-6, No. 1-6 & No. 2-6, Jalan Puteri 7/13A, Bandar Puteri, 47100, Puchong, Selangor, Malaysia",3.020178,101.625131
McDonald's Seremban DT,"Lot 24158 (PT2) & Lot 24159 (PT3), Pekan Bukit Kepayang, Mukim Rasah, 70200, Seremban, Negeri Sembilan, Malaysia",2.716899,101.918953
McDonald's Jerantut DT,"Lot 15495, Mukim Pedah, Daerah Jerantut, 27000, Jerantut, Pahang, Malaysia",3.937258,102.372711
"McDonald's MJC Batu Kawa DT, Kuching","Lot 3421 (Parent Lot 2433), Block 217 KNLD, Batu Kawa New Township, 93250, Kuching, Sarawak, Malaysia",1.511544,110.304317
McDonald's Kota Laksamana DT,"Lot PT188, Pekan Klebang Sek. IV, Daerah Melaka Tengah, Bandaraya Melaka Bersejarah, 75200, , Melaka, Malaysia",2.20288,102.223307
McDonald's BHP Taman Melawati DT,"Lot PT 8669 (HSD 113035), Mukim Setapak, 53100, , Kuala Lumpur, Malaysia",3.220205,101.735885
McDonald's Birch House DT,"No. 73   Jalan Dato' Keramat, 10150, Georgetown, Pulau Pinang, Malaysia",5.41287,100.326
McDonald's Main Place,"Lot No GF-36, Ground Floor, Main Place Mall, Jalan USJ 21/10, 47630, Subang Jaya, Selangor, Malaysia",3.026772,101.580867
McDonald's NU Sentral,"Unit No. L4. 02 & 03, Level 4, 1 Sentral, Jalan Travers, 50470, , Kuala Lumpur, Malaysia",3.133,101.687
McDonald's Bandar Sri Pinang DT,"No 2, Lebuh Sungai Pinang 4, 11600, , Pulau Pinang, Malaysia",5.395522,100.326701
McDonald's KLIA 2 Gateway,"Lot L3-47 - L3-50 & L3-33, Level 3, Gateway @ KLIA 2, H.S (D) 7429, PT No 1 Bandar Lapangan Terbang, 64000, Sepang, Selangor, Malaysia",2.742468,101.686735
McDonald's KLIA 2 Satellite,"S6-3-A09 & S6-3-A07, International Departure Level (Airside), KLIA 2, H.S. (D) 7429, PT. No. 13,  Bandar Lapangan Terbang Antarabangsa Sepang, 64000, Sepang, Selangor, Malaysia",2.739295,101.688881
McDonald's Metro City DT,"Lot 14212 (Plot 79), Metro City New Township, Section 65, Kuching Town Land District, Jalan Matang, 93050, Kuching, Sarawak, Malaysia",1.569629,110.306801
McDonald's Kangar DT,"Jalan Kampung Bakau, 01000, Kangar, Perlis, Malaysia",6.432713,100.196706
McDonald's Seremban 2 DT,"Lot PT 560, Bandar Seremban Utama, Seremban 2, 70300, Seremban, Negeri Sembilan, Malaysia",2.691995,101.906636
McDonald's Sri Petaling,"No 63 & 63-1, Jalan Radin Tengah, Bandar Baru Sri Petaling, 57000, , Kuala Lumpur, Malaysia",3.068842,101.691847
McDonald's IOI City Mall,"Lot Nos. 57 & 58, IOI City Mall, IOI Resort, 62502, Putrajaya, Selangor, Malaysia",2.970045,101.714273
McDonald's Muar DT,"Lot 3070, Jalan Bakri, Mukim Bandar Maharani, 84000, Muar, Johor, Malaysia",2.04844,102.590367
McDonald's Kajang Perdana DT,"18, Mukim Semenyih, Daerah Ulu Langat, 43000, Kajang, Selangor, Malaysia",2.989844,101.819599
McDonald's Bandar Sri Putra DT,"Sebahagian Lot 38833, Jalan Seri Putra 1/9, Bandar Seri Putra, 43000, Kajang, Selangor, Malaysia",2.886713,101.792624
McDonald's Jalan Gambang DT,"Lot 121596 (PM 20537) (Lot Lama PT 96368) (HSM68258) hingga Lot 12160 (PM20536)(Lot Lama PT 96379) (HSM PT68269) dan Tanah Kerajaan, Jalan Kuantan Gambang, Mukim Kuala Kuantan, 25150, Kuantan, Pahang, Malaysia",3.76583,103.218487
McDonald's Sabak Bernam DT,"Lot 24040 Pekan Sungai Besar, Mukim Panchang Bedena, 45300, Sabak Bernam, Selangor, Malaysia",3.673348,100.991473
McDonald's Kota Masai DT,"Sebahagian Lot 85821, Taman Kota Masai, Mukim Plentong, 81700, Pasir Gudang, Johor, Malaysia",1.492281,103.918818
McDonald's Caltex Denai Alam DT,"No 3, Persiaran Elektron, Denai Alam, Section U16, 40160, Shah Alam, Selangor, Malaysia",3.159451,101.513105
McDonald's Mid Valley 3,"Lot T-029, Level 3, Mid Valley Megamall Mall, Lingkaran Syed Putra, 59200, , Kuala Lumpur, Malaysia",3.116434,101.676772
McDonald's Aman Central,"Unit 1-39A, 58, 59, 60, 67 & 68 First Floor, Aman Central, 05100, Alor Star, Kedah, Malaysia",6.126,100.37
McDonald's Caltex Jalan Tengah DT,"No 23, Jalan Tengah, Bayan Baru, Mukim 12, 11950, Bayan Baru, Pulau Pinang, Malaysia",5.319,100.28
McDonald's Taman Ungku Tun Aminah DT,"Lot 13576, Taman Ungku Aminah, Mukim Pulai, 81300, Johor Bahru, Johor, Malaysia",1.51388,103.656314
McDonald's Kota Bahru DT,"Lot No. 2994, Seksyen 62, Wakaf Che Yeh, Jalan Kuala Krai, Mukim Padang Enggang, Daerah Kota Jajahan, 15100, Kota Baru, Kelantan, Malaysia",6.087,102.24
McDonald's KL Sentral,"Lot 14, 15, & 16, First Floor, Kuala Lumpur Sentral Station, 50470, , Kuala Lumpur, Malaysia",3.134558,101.686347
McDonald's AEON Maluri,"GF Jaya Jusco Taman Maluri, Jalan Jejaka, Taman Maluri, 55100, , Kuala Lumpur, Malaysia",3.125542,101.7282
McDonald's Mentakab Star Mall,"F & B 1, Mentakab Star Mall, No 1, Jalan Star City 1, Star City, 28400, Mentakab, Pahang, Malaysia",3.470343,102.331334
McDonald's Megamall Penang ,"G-11, 2898, Jalan Baru, Bandar Prai Jaya, 13600, Seberang Prai Tengah, Pulau Pinang, Malaysia",5.377036,100.400156
McDonald's Jalan Sultan Azlan Shah DT,"Lot 197129, Plot 2, Jalan Medan Ipoh, 1A Medan Ipoh Bistari, 31400, Ipoh, Perak, Malaysia",4.621279,101.116842
McDonald's Jalan Sulaman DT 2 KK,"Lot 2 Of NT013108278, Along Sulaman Road, 88450, Kota Kinabalu, Sabah, Malaysia",6.038623,116.144322
McDonald's Api-Api (Kota Kinabalu),"Lot No. 1/G1 & 1/G2, Ground & First Floor, Api-Api Centre, Jalan Centrepoint, 88000, Kota Kinabalu, Sabah, Malaysia",5.975,116.07
McDonald's Centre Point KK,"Lot L-9, Lower Ground Floor, Centre Point Shopping Centre, Jalan Centre Point, 88000, Kota Kinabalu, Sabah, Malaysia",5.978361,116.071903
McDonald's SS15 ,"GF, No. 82 & 84, Jalan SS 15/4D, 47500, Subang Jaya, Selangor, Malaysia",3.073517,101.589828
McDonald's Section 18 Shah Alam,"No. 37, Jalan Pinang 18B, Section 18, 40200, Shah Alam, Selangor, Malaysia",3.044275,101.518113
McDonald's Giant Shah Alam,"Lot 17-22 Ground Floor, Giant Hypermarket, Lot 2, Shah Alam Stadium, Persiaran Sukan, Seksyen 13, 40100, Shah Alam, Selangor, Malaysia",3.083944,101.549078
McDonald's Project Karak,"Lot 5946, Jalan Lingkaran Tengah II, Off Lebuhraya Karak, 53300, Gombak, Selangor, Malaysia",3.241,101.72
McDonald's Section 14 ,"No.2, Jalan 14/4, 46100, Petaling Jaya, Selangor, Malaysia",3.109603,101.636864
McDonald's PJ Old Town ,"No.66, Block Crystal, Jalan 1/19, 46200, Petaling Jaya, Selangor, Malaysia",3.086731,101.646972
McDonald's PKNS Shah Alam,"G14 & G36, Tingkat Bawah, Kompleks PKNS Shah Alam, 40000, Shah Alam, Selangor, Malaysia",3.07045,101.51715
McDonald's Kuala Terengganu DT,"Lot 3540, Jalan Sultan Mohammad, Padang Hiliran, 21100, Kuala Terengganu, Terengganu, Malaysia",5.310236,103.129434
McDonald's Caltex Chukai,"K-191 Jalan Kubang Kurus, 24000, Kemaman, Terengganu, Malaysia",4.229488,103.420062
McDonald's Putrajaya,"No. 39, Jalan Tunku Abdul Rahman,  Presint 2,  62100 Putrajaya",2.923654,101.68503880000003
McDonald's BHP Jalan Kapar,"PT 34062,  Batu 3.5, Jalan Kapar,  42100 Selangor Darul Ehsan",3.071297,101.410995
McDonald's Cyberjaya,"Prima 5B,  Prima Avenue 1,  Jalan Teknorat 5,  Cyber 5  63000 Cyberjaya,  Selangor Darul Ehsan",2.921126,101.655844
McDonald's Petrajaya DT,"Plot 1, Lot 477 (Phase 2)  Block 17, Salak Land District, Jalan Semariang, 93050 Kuching, Sarawak",1.586875,110.330971
McDonald's Kuantan Riverfront DT,"Sebahagian Lot 57 & Sebahagian Lot 5, Jalan Tanah Putih, Mukim Kuala Kuantan, Kuantan, Pahang",3.799083,103.322246
McDonald's Suria Sabah KK,"Lot G-Ext 1 & Part of Lot G35, Ground Floor, Suria Sabah Shopping Mall, No. 1, Jalan Tun Fuad Stephens,  88000 Kota Kinabalu, Sabah",5.987138650063715,116.07738433494876
McDonald’s City Square,"No. M1-06-06A, Level 1, Johor Bahru City Square, Jalan Wong Ah Fook, Johor Bahru",1.461799,103.76396030000001
